{
    "0": {
        "precision": 0.9043478260869565,
        "recall": 0.8455284552845529,
        "f1-score": 0.8739495798319328,
        "support": 123.0
    },
    "1": {
        "precision": 0.8819875776397516,
        "recall": 0.9281045751633987,
        "f1-score": 0.9044585987261147,
        "support": 153.0
    },
    "accuracy": 0.8913043478260869,
    "macro avg": {
        "precision": 0.893167701863354,
        "recall": 0.8868165152239758,
        "f1-score": 0.8892040892790237,
        "support": 276.0
    },
    "weighted avg": {
        "precision": 0.8919524709694843,
        "recall": 0.8913043478260869,
        "f1-score": 0.8908621881319684,
        "support": 276.0
    }
}