{
    "0": {
        "precision": 0.8974358974358975,
        "recall": 0.8536585365853658,
        "f1-score": 0.875,
        "support": 123.0
    },
    "1": {
        "precision": 0.8867924528301887,
        "recall": 0.9215686274509803,
        "f1-score": 0.9038461538461539,
        "support": 153.0
    },
    "accuracy": 0.8913043478260869,
    "macro avg": {
        "precision": 0.892114175133043,
        "recall": 0.8876135820181731,
        "f1-score": 0.8894230769230769,
        "support": 276.0
    },
    "weighted avg": {
        "precision": 0.8915357270566459,
        "recall": 0.8913043478260869,
        "f1-score": 0.8909908026755853,
        "support": 276.0
    }
}